Journal_Entry,Account,Amount,Comment,User
8,2010,854134,elit. Curabitur sed tortor. Integer, Garrison Reese E. 
5,3010,58910, ut cursus luctus, ipsum leo  Benton Jack M. 
13,2010,54134,elit. Curabitur sed tortor. Integer, Garrison Reese E. 
11,1010,36740, ipsum leo elementum sem, vitae  William Kaden B. 
3,2010,34134,elit. Curabitur sed tortor. Integer, Garrison Reese E. 
10,3010,18910, ut cursus luctus, ipsum leo  Benton Jack M. 
15,3010,18910, ut cursus luctus, ipsum leo  Benton Jack M. 
1,1010,6740, ipsum leo elementum sem, vitae  William Kaden B. 
6,1010,6740, ipsum leo elementum sem, vitae  William Kaden B. 
7,1015,718, libero at auctor ullamcorper, Dixon Brendan J. 
9,2015,-9,ligula. Nullam feugiat placerat velit., Madeson P. 
12,1015,-19718, libero at auctor ullamcorper, nisl  Dixon Brendan J. 
2,1015,-29718, libero at auctor ullamcorper, nisl  Dixon Brendan J. 
14,2015,-30829,ligula. Nullam feugiat placerat velit., Wade Madeson P. 
4,2015,-40829,ligula. Nullam feugiat placerat velit., Wade Madeson P. 
